<?xml version="1.0" encoding="utf-8"?>
<!DOCTYPE install PUBLIC "-//Joomla! 2.5//DTD template 1.0//EN" "http://www.joomla.org/xml/dtd/2.5/template-install.dtd">
<extension type="template" client="site" method="upgrade">
	<name>bs4ghsvs</name>
	<author>G@HService Berlin Neukölln, Volkmar Volli Schlothauer</author>
	<creationDate>2019-10-29</creationDate>
	<copyright>(C) 2019, G@HService Berlin Neukölln, Volkmar Volli Schlothauer.</copyright>
	<license>GNU General Public License version 3 or later; see LICENSE.txt.</license>
	<authorUrl>https://www.ghsvs.de</authorUrl>
	<version>2021.07.31</version>
	<description>TPL_BS4GHSVS_XML_DESCRIPTION</description>

	<versionHistory>
		https://updates.ghsvs.de/changelog.php?file=tpl_bs4ghsvs
	</versionHistory>

	<updateservers><server type="extension" priority="1" name="TPL_BS4GHSVS">https://raw.githubusercontent.com/GHSVS-de/upadateservers/master/tpl_bs4ghsvs-update.xml</server></updateservers>

	<changelogurl>https://raw.githubusercontent.com/GHSVS-de/upadateservers/master/tpl_bs4ghsvs-changelog.xml</changelogurl>

	<infourl>https://updates.ghsvs.de/changelog.php?file=tpl_bs4ghsvs</infourl>

	<downloadUrl>
	https://github.com/GHSVS-de/tpl_bs4ghsvs/raw/2021.07.31/dist/tpl_bs4ghsvs-2021.07.31.zip
	</downloadUrl>

	<versionCompare>
	https://github.com/GHSVS-de/tpl_bs4ghsvs/compare/2021.07.25...2021.07.31
	</versionCompare>

	<scriptfile>installerScript.php</scriptfile>
	<minimumPhp>7.4.0</minimumPhp>
	<maximumPhp>8.99999.99999</maximumPhp>
	<minimumJoomla>3.9.25</minimumJoomla>
	<maximumJoomla></maximumJoomla>
	<allowDowngrades>1</allowDowngrades>

	<files>
		<filename>component.php</filename>
		<filename>error.php</filename>
		<filename>favicon.ico</filename>
		<filename>index.php</filename>
		<filename>installerScript.php</filename>
		<filename>LICENSE.txt</filename>
		<filename>print.php</filename>
		<filename>templateDetails.xml</filename>
		<folder>css</folder>
		<folder>html</folder>
		<folder>images</folder>
		<folder>js</folder>
		<folder>language</folder>
		<folder>scss-ghsvs</folder>
	</files>

	<positions>
		<position>menue-oben-bs</position>
		<position>toasts</position>
		<position>breadcrumb-bs</position>
		<!--Versteckte Verwendung via loadposition in Modul "Teilen / Suchen Modal Teil 2 (Modal-Content)"-->
		<position>suche-position-bs</position>
		<position>modal-content</position>
		<position>unter-component</position>
		<position>unter-main-bs</position>
		<position>footer-bs</position>
		<position>copyright-bs</position>
		<!--Siehe https://github.com/GHSVS-de/GHSVSThings/wiki/Module-position-buttonGruppeGhsvs-->
		<position>buttonGruppeGhsvs-bs</position>
		<position>buttonGruppe</position>
	</positions>

	<config>
		<fields name="params">
			<fieldset name="advanced">

				<field name="templatestyleclass" type="text" default="" filter="string"
					label="SINFOTPL_TEMPLATESTYLECLASS_LBL"
					description="SINFOTPL_TEMPLATESTYLECLASS_DESC" />

				<field name="templateCSS" type="list" default="template"
					label="TPL_BS4GHSVS_TEMPLATE_CSS"
					description="Beachte, dass nicht auf Existenz geprüft wird. Die prefixed musst selber erstellen und hochladen.">
						<option value="css/template">css/template.css (geprefixed)</option>
						<option value="css/template.min">css/template.min.css (geprefixed)</option>
				</field>

				<field name="erroremail" type="list" default=""
					label="Erlaube Fehlerseiten Email anzuzeigen"
					description="Bspw. Kontakt-Email des Seitenbetreibers, um Nutzern die Möglichkeit zu geben fehlerhafte Links einzusenden.">
						<option value="">JNO</option>
						<option value="fromEmail">Absenderadresse der Joomla-Konfiguration</option>
						<option value="email">Andere Email-Adresse</option>
				</field>

				<field name="erroremail_email" type="email" default=""
					label="Email auf Fehlerseiten"
					description=""
					class="validate-email"
					showon="erroremail:email" />

				<field name="HidePageHeader" type="list" default="0" filter="integer"
					label="Teile des Headers nach bestimmter Anzahl Seitenaufrufe ausblenden"
					description="Bspw. Teaser-Texte auf Smartphones, die irgendwann nerven.">
						<option value="0">JNO</option>
						<option value="1">JYES</option>
				</field>

				<field name="HidePageHeaderAfter" type="number" default="5"
					label="Nach Anzahl Seitenaufrufe"
					description=""
					min="1" max="20"
					showon="HidePageHeader:1" />

			</fieldset>

<!--LOGO BILD/TEXT-->
			<fieldset name="logoFieldset" label="SINFOTPL_FIELDSET_LOGO_LBL">

				<field type="spacer" name="sitetitlespacer"
					label="SINFOTPL_SITETITLE_DESC"/>

				<field name="sitetitle" type="text" default="" filter="string"
					label="SINFOTPL_SITETITLE"
					description=""/>

				<field name="sitedescription" type="text" default="" filter="string"
					label="SINFOTPL_SITEDESCRIPTION_LBL"
					description="SINFOTPL_SITEDESCRIPTION_DESC"/>

				<field type="spacer" name="logospacer" label="SINFOTPL_LOGO_DESC"/>

				<field name="logo" type="imagelist" default="logo.jpg"
					label="SINFOTPL_LOGO_LBL"
					description=""
					directory="templates/bs4ghsvs/images/logos"
					exclude="" stripext=""
					hide_none="true" hide_default="true">
						<option value="JNONE">SINFOTPL_LOGO_NONE</option>
						<option value="-1">SINFOTPL_LOGO_JOOMLA_IMAGES</option>
				</field>

				<field name="logoalternativ" class="" type="media" default=""
					label="SINFOTPL_LOGOALTERNATIV_LBL"
					description=""
					showon="logo:-1"/>

				<field name="logoAltText" class="extended-width" type="text" default=""
					label="ALT Text für Logo (Sprachstring erlaubt)"
					description=""
					showon="logo!:JNONE"/>

				<field type="spacer" name="sitetitleHidespacer"
					label="SINFOTPL_SITETITLEHIDE_DESC"/>

				<field name="sitetitleHide" type="list" default="0" filter="integer"
					label="SINFOTPL_SITETITLEHIDE"
					description="">
						<option value="0">JNO</option>
						<option value="1">JYES</option>
						<option value="-1">JNONE</option>
				</field>

			</fieldset><!--/logo-->

		</fields>
	</config>
</extension>
